1788181913	design-supersede-world-controls.sh	0	1
1788181924	mutation-run-live-controls.sh	0	11
1788181925	mutation-target-controls.sh	0	1
1788181926	orphan-instrument-scan-controls.sh	0	1
1788181932	pii-controls.sh	0	6
1788181933	prove-control-controls.sh	0	1
1788181934	prove-all-scope-controls.sh	0	1
1788181935	verify-script-controls.sh	0	1
1788181935	deploy-dirt-controls.sh	0	0
1788181936	session-guard-controls.sh	0	1
1788181936	wire-shape-controls.sh	0	0
1788181938	no-linerefs-controls.sh	0	2
1788181939	disposable-session-controls.sh	0	1
1788181966	child-reaping-controls.sh	0	27
1788181980	health-observer-controls.sh	0	14
1788181980	example-artifacts-controls.sh	0	0
1788181988	gui-run-controls.sh	2	8
1788181989	fork-check-controls.sh	0	0
1788181991	resume-cwd-controls.sh	0	2
1788181992	interrupt-honesty-control.sh	0	1
1788181993	limit-lifted-controls.sh	0	1
1788181993	post-gate-batch-controls.sh	0	0
1788181997	rc-backend-launch-check.sh	0	4
1788181997	serve-decision-check.sh	0	0
1788181997	funnel-exposure-check-control.sh	0	0
1788181999	tunnel-observer-control.sh	0	2
1788182001	digest-notify-control.sh	0	1
1788182036	rollback-friday-control.sh	0	35
1788182036	exposure-standing-control.sh	0	0
1788182037	desktop-attach-control.sh	0	1
1788182037	mixed-index-control.sh	0	0
1788182048	live-poll-check.sh	0	11
1788182084	initial-load-narration-control.sh	0	36
1788182088	sim-device-control.sh	0	4
1788182098	remote-mini-root-controls.sh	0	10
1788182294	mutation-verdict-controls.sh	0	196
1788182299	mutation-timeout-controls.sh	0	5
1788182493	mutation-freeze-controls.sh	0	194
1788182496	coldboot-chain-controls.sh	0	3
1788182510	departure-survivability-controls.sh	0	14
1788182511	commit-suite-gate-controls.sh	0	1
1788182514	staged-controls-gate-controls.sh	0	3
1788182514	warn-ledger-controls.sh	0	0
1788182542	copied-tree-controls.sh	0	28
1788182543	account-nonblocking-controls.sh	0	1
1788182547	prewarm-controls.sh	0	4
1788182625	run-controls-controls.sh	0	78
1788182626	port-coverage-controls.sh	0	1
1788182626	deploy-to-edith-controls.sh	0	0
1788182637	deploy-to-edith-behavior-controls.sh	0	11
1788182638	rsync-exclude-controls.sh	0	1
1788182652	ui-fixture-absence-control.sh	0	14
1788182658	ui-fixture-behavior-control.sh	0	6
1788182658	verify-log-controls.sh	0	0
1788182658	sim-log-summary-control.sh	0	0
1788182700	long-conversation-diag-control.sh	0	42
1788182779	conversation-ui-control.sh	2	79
1788183156	list-return-refresh-control.sh	0	377
1788183262	inflight-sentence-control.sh	0	106
1788184232	signout-notice-control.sh	0	970
1788184233	bar-material-control.sh	0	1
1788184238	live-send-check-control.sh	0	5
1788184238	live-interrupt-check-control.sh	0	0
1788184238	live-poll-check-control.sh	0	0
1788184304	disposable-reap-controls.sh	0	66
1788184332	ota-server-controls.sh	0	28
1788184874	account-ui-control.sh	0	542
1788184881	mutation-deferral-control.sh	0	7
1788184882	build-device-pick-control.sh	0	1
1788184885	dod-sprint-3-controls.sh	0	3
1788184901	dod-sprint-4-controls.sh	0	16
1788184904	doc-linerefs-gate-controls.sh	0	3
1788184905	pre-commit-gates-controls.sh	0	1
1788184906	install-hooks-controls.sh	0	1
1788184906	cited-testnames-gate-controls.sh	0	0
1788184906	vacuous-gate-controls.sh	0	0
1788184907	vacuous-scan-controls.sh	0	1
1788184907	port-coverage-gate-controls.sh	0	0
1788184907	test-discovery-controls.sh	0	0
1788184908	controls-registration-gate-controls.sh	0	1
1788184909	phone-window-judgment-controls.sh	0	1
1788184909	poll-spend-controls.sh	0	0
1788184910	restart-epoch-controls.sh	0	1
1788184910	verify-state-judgment-controls.sh	0	0
1788184910	live-interrupt-wording-controls.sh	0	0
1788184910	live-shell-key-controls.sh	0	0
1788184910	dod-sprint-6-recovery-controls.sh	0	0
1788185146	dod-sprint-6-controls.sh	0	236
1788185153	dod-sprint-6.5-controls.sh	2	7
1788185153	build-fingerprint-controls.sh	0	0
1788185157	fixture-label-parity-controls.sh	0	4
1788185159	timeout-agreement-controls.sh	0	2
1788185165	wire-key-agreement-controls.sh	0	6
1788185167	wire-vocabulary-agreement-controls.sh	0	2
1788185169	fleet-account-cswap-controls.sh	0	2
1788185185	tunnel-observer-controls.sh	0	16
1788185189	phone-window-health-controls.sh	0	4
1788185190	phone-window-notify-controls.sh	0	1
1788185190	deploy-to-friday-controls.sh	0	0
1788185195	mutation-worktree-gate-controls.sh	0	5
1788185540	update-notice-ui-control.sh	0	345
1788185579	mutation-residue-controls.sh	0	39
1788187379	xcode-tree-lock-controls.sh	2	1800
1788187380	push-readiness-controls.sh	0	1
1788187381	app-usage-census-controls.sh	0	1
1788187397	run-controls-ledger-controls.sh	0	16
1788187397	deploy-observer-carried-controls.sh	0	0
1788187398	ota-undelivered-observer-control.sh	0	1
1788187398	build-header-stamp-control.sh	0	0
1788187401	delivery-check-controls.sh	0	3
1788187401	log-line-era-controls.sh	0	0
1788187402	ota-freshness-controls.sh	0	1
1788187402	log-cap-live-appender-controls.sh	0	0
1788187405	parity-observer-control.sh	0	3
1788187405	client-role-controls.sh	0	0
1788187406	app-update-notice-controls.sh	0	1
1788187406	ota-delivery-census-controls.sh	0	0
1788187423	observer-cap-ota-controls.sh	0	17
1788187424	fleet-plist-parity-controls.sh	0	1
1788187438	log-cap-controls.sh	0	14
1788188525	gui-run-controls.sh	2	8
1788190908	gui-run-controls.sh	2	8
1788191217	conversation-ui-control.sh	0	309
1788191223	dod-sprint-6.5-controls.sh	2	6
1788191336	conversation-landing-stress-control.sh	0	113
1788191351	xcode-tree-lock-controls.sh	1	15
1788191351	run-controls-coverage-controls.sh	0	0
1788275053	xcode-tree-lock-controls.sh	0	15
1788557121	design-supersede-world-controls.sh	0	1
1788557121	wire-shape-capture-controls.sh	0	0
1788557133	mutation-run-live-controls.sh	0	12
1788557134	mutation-target-controls.sh	0	1
1788557135	orphan-instrument-scan-controls.sh	0	1
1788557145	pii-controls.sh	0	10
1788557147	prove-control-controls.sh	0	2
1788557148	prove-all-scope-controls.sh	0	1
1788557149	verify-script-controls.sh	0	1
1788557150	deploy-dirt-controls.sh	0	1
1788557150	session-guard-controls.sh	0	0
1788557151	wire-shape-controls.sh	0	1
1788557153	no-linerefs-controls.sh	0	2
1788557154	disposable-session-controls.sh	0	1
1788557185	child-reaping-controls.sh	0	31
1788557201	health-observer-controls.sh	0	15
1788557202	example-artifacts-controls.sh	0	1
1788557210	gui-run-controls.sh	2	8
1788557211	fork-check-controls.sh	0	1
1788557213	resume-cwd-controls.sh	0	2
1788557215	interrupt-honesty-control.sh	0	2
1788557215	limit-lifted-controls.sh	0	0
1788557215	post-gate-batch-controls.sh	0	0
1788557219	rc-backend-launch-check.sh	0	4
1788557220	serve-decision-check.sh	0	1
1788557220	funnel-exposure-check-control.sh	0	0
1788557223	tunnel-observer-control.sh	0	3
1788557225	digest-notify-control.sh	0	2
1788557259	rollback-friday-control.sh	0	34
1788557260	exposure-standing-control.sh	0	1
1788557260	desktop-attach-control.sh	0	0
1788557261	mixed-index-control.sh	0	1
1788557274	live-poll-check.sh	0	13
1788557333	initial-load-narration-control.sh	0	59
1788557337	sim-device-control.sh	0	4
1788557349	remote-mini-root-controls.sh	0	12
1788557548	mutation-verdict-controls.sh	0	199
1788557554	mutation-timeout-controls.sh	0	6
1788557750	mutation-freeze-controls.sh	0	196
1788557753	coldboot-chain-controls.sh	0	3
1788557769	departure-survivability-controls.sh	0	16
1788557770	commit-suite-gate-controls.sh	0	0
1788557774	staged-controls-gate-controls.sh	0	4
1788557774	warn-ledger-controls.sh	0	0
1788557803	copied-tree-controls.sh	0	29
1788557805	account-nonblocking-controls.sh	0	2
1788557809	prewarm-controls.sh	0	4
1788557902	run-controls-controls.sh	0	93
1788557902	port-coverage-controls.sh	0	0
1788557903	deploy-to-edith-controls.sh	0	1
1788557914	deploy-to-edith-behavior-controls.sh	0	11
1788557914	rsync-exclude-controls.sh	0	0
1788557933	ui-fixture-absence-control.sh	0	19
1788557939	ui-fixture-behavior-control.sh	0	6
1788557940	verify-log-controls.sh	0	1
1788557940	sim-log-summary-control.sh	0	0
1788557997	long-conversation-diag-control.sh	0	57
1788558026	design-supersede-world-controls.sh	0	1
1788558027	wire-shape-capture-controls.sh	0	1
1788558039	mutation-run-live-controls.sh	0	12
1788558039	mutation-target-controls.sh	0	0
1788558041	orphan-instrument-scan-controls.sh	0	2
1788558049	pii-controls.sh	0	8
1788558051	prove-control-controls.sh	0	2
1788558052	prove-all-scope-controls.sh	0	1
1788558053	verify-script-controls.sh	0	1
1788558054	deploy-dirt-controls.sh	0	1
1788558054	session-guard-controls.sh	0	0
1788558055	wire-shape-controls.sh	0	1
1788558057	no-linerefs-controls.sh	0	2
1788558058	disposable-session-controls.sh	0	1
1788558087	child-reaping-controls.sh	0	29
1788558102	health-observer-controls.sh	0	15
1788558103	example-artifacts-controls.sh	0	1
1788558111	gui-run-controls.sh	2	8
1788558111	fork-check-controls.sh	0	0
1788558113	resume-cwd-controls.sh	0	2
1788558115	interrupt-honesty-control.sh	0	2
1788558116	limit-lifted-controls.sh	0	1
1788558116	post-gate-batch-controls.sh	0	0
1788558120	rc-backend-launch-check.sh	0	4
1788558120	serve-decision-check.sh	0	0
1788558121	funnel-exposure-check-control.sh	0	1
1788558123	tunnel-observer-control.sh	0	2
1788558125	digest-notify-control.sh	0	2
1788558159	rollback-friday-control.sh	0	34
1788558160	exposure-standing-control.sh	0	1
1788558160	desktop-attach-control.sh	0	0
1788558160	mixed-index-control.sh	0	0
1788558175	live-poll-check.sh	0	15
1788558214	initial-load-narration-control.sh	0	39
1788558218	sim-device-control.sh	0	4
1788558228	remote-mini-root-controls.sh	0	10
1788558426	mutation-verdict-controls.sh	0	198
1788558431	mutation-timeout-controls.sh	0	5
1788558625	mutation-freeze-controls.sh	0	194
1788558627	coldboot-chain-controls.sh	0	2
1788558642	departure-survivability-controls.sh	0	15
1788558642	commit-suite-gate-controls.sh	0	0
1788558646	staged-controls-gate-controls.sh	0	4
1788558646	warn-ledger-controls.sh	0	0
1788558674	copied-tree-controls.sh	0	28
1788558676	account-nonblocking-controls.sh	0	2
1788558680	prewarm-controls.sh	0	4
1788558777	run-controls-controls.sh	0	97
1788558778	port-coverage-controls.sh	0	1
1788558778	deploy-to-edith-controls.sh	0	0
1788558794	deploy-to-edith-behavior-controls.sh	0	16
1788558794	rsync-exclude-controls.sh	0	0
1788558813	ui-fixture-absence-control.sh	0	19
1788558819	ui-fixture-behavior-control.sh	0	6
1788558819	verify-log-controls.sh	0	0
1788558820	sim-log-summary-control.sh	0	1
1788558858	long-conversation-diag-control.sh	0	38
1788559162	conversation-ui-control.sh	0	304
1788559624	list-return-refresh-control.sh	0	462
1788559808	inflight-sentence-control.sh	0	184
1788561715	signout-notice-control.sh	2	1906
1788561720	bar-material-control.sh	0	5
1788561951	live-send-check-control.sh	1	231
1788561951	live-interrupt-check-control.sh	0	0
1788561952	live-poll-check-control.sh	0	1
1788561952	live-search-check-control.sh	0	0
1788561953	live-cold-routes-controls.sh	0	1
1788561954	live-write-routes-controls.sh	0	1
1788562058	preflight-ledgers-controls.sh	0	104
1788562123	disposable-reap-controls.sh	0	65
1788562153	ota-server-controls.sh	0	30
1788563159	account-ui-control.sh	0	1006
1788563188	mutation-deferral-control.sh	0	28
1788563190	build-device-pick-control.sh	0	2
1788563321	dod-sprint-3-controls.sh	0	131
1788563592	dod-sprint-4-controls.sh	0	271
1788563603	doc-linerefs-gate-controls.sh	0	11
1788563609	pre-commit-gates-controls.sh	0	6
1788563610	install-hooks-controls.sh	0	1
1788563613	cited-testnames-gate-controls.sh	0	3
1788563614	vacuous-gate-controls.sh	0	1
1788563615	vacuous-scan-controls.sh	0	1
1788563616	port-coverage-gate-controls.sh	0	1
1788563617	test-discovery-controls.sh	0	1
1788563620	controls-registration-gate-controls.sh	0	3
1788563623	phone-window-judgment-controls.sh	0	3
1788563623	poll-spend-controls.sh	0	0
1788563626	restart-epoch-controls.sh	0	3
1788563628	verify-state-judgment-controls.sh	0	2
1788563628	live-interrupt-wording-controls.sh	0	0
1788563629	live-shell-key-controls.sh	0	1
1788563630	dod-sprint-6-recovery-controls.sh	0	1
1788564413	dod-sprint-6-controls.sh	0	783
1788564445	dod-sprint-6.5-controls.sh	2	31
1788564446	build-fingerprint-controls.sh	0	1
1788564458	fixture-label-parity-controls.sh	0	12
1788564466	timeout-agreement-controls.sh	0	8
1788564490	wire-key-agreement-controls.sh	0	24
1788564500	wire-vocabulary-agreement-controls.sh	0	10
1788564504	fleet-account-cswap-controls.sh	0	4
1788564525	tunnel-observer-controls.sh	1	21
1788564530	phone-window-health-controls.sh	0	4
1788564536	phone-window-notify-controls.sh	0	6
1788564537	deploy-to-friday-controls.sh	0	1
1788564560	mutation-worktree-gate-controls.sh	1	23
1788565327	update-notice-ui-control.sh	0	767
1788565527	conversation-landing-stress-control.sh	0	200
1788565739	mutation-residue-controls.sh	0	212
1788565784	xcode-tree-lock-controls.sh	1	45
1788565788	push-readiness-controls.sh	0	4
1788565791	app-usage-census-controls.sh	0	3
1788565793	run-controls-coverage-controls.sh	0	2
1788565796	digest-notify-dry-controls.sh	0	3
1788565804	digest-notify-completion-log-controls.sh	0	7
1788565821	run-controls-ledger-controls.sh	0	17
1788565821	deploy-observer-carried-controls.sh	0	0
1788565824	ota-undelivered-observer-control.sh	0	3
1788565825	build-header-stamp-control.sh	0	1
1788565834	delivery-check-controls.sh	0	9
1788565835	log-line-era-controls.sh	0	1
1788565838	ota-freshness-controls.sh	0	3
1788565838	log-cap-live-appender-controls.sh	0	0
1788565846	parity-observer-control.sh	0	7
1788565856	client-role-controls.sh	0	10
1788565858	app-update-notice-controls.sh	0	2
1788565860	ota-delivery-census-controls.sh	0	2
1788566188	observer-cap-ota-controls.sh	0	328
1788566192	fleet-plist-parity-controls.sh	0	4
1788566210	log-cap-controls.sh	0	18
1788566375	env-death-controls.sh	1	165
1788566385	phone-window-controls.sh	0	9
1788566396	rsync-exclude-edith-controls.sh	2	11
1788620785	design-supersede-world-controls.sh	0	1
1788620785	wire-shape-capture-controls.sh	0	0
1788620797	mutation-run-live-controls.sh	0	12
1788620798	mutation-target-controls.sh	0	1
1788620799	orphan-instrument-scan-controls.sh	0	1
1788620807	pii-controls.sh	0	8
1788620808	prove-control-controls.sh	0	1
1788620809	prove-all-scope-controls.sh	0	1
1788620810	verify-script-controls.sh	0	1
1788620810	deploy-dirt-controls.sh	0	0
1788620811	session-guard-controls.sh	0	1
1788620811	wire-shape-controls.sh	0	0
1788620813	no-linerefs-controls.sh	0	2
1788620814	disposable-session-controls.sh	0	1
1788620843	child-reaping-controls.sh	0	29
1788620857	health-observer-controls.sh	0	14
1788620858	example-artifacts-controls.sh	0	1
1788620866	gui-run-controls.sh	2	8
1788620867	fork-check-controls.sh	0	1
1788620868	resume-cwd-controls.sh	0	1
1788620870	interrupt-honesty-control.sh	0	2
1788620870	limit-lifted-controls.sh	0	0
1788620871	post-gate-batch-controls.sh	0	1
1788620875	rc-backend-launch-check.sh	0	4
1788620875	serve-decision-check.sh	0	0
1788620875	funnel-exposure-check-control.sh	0	0
1788620878	tunnel-observer-control.sh	0	3
1788620880	digest-notify-control.sh	0	2
1788620914	rollback-friday-control.sh	0	34
1788620915	exposure-standing-control.sh	0	1
1788620915	desktop-attach-control.sh	0	0
1788620915	mixed-index-control.sh	0	0
1788620930	live-poll-check.sh	0	15
1788620981	initial-load-narration-control.sh	0	51
1788620985	sim-device-control.sh	0	4
1788620995	remote-mini-root-controls.sh	0	10
1788621193	mutation-verdict-controls.sh	0	198
1788621198	mutation-timeout-controls.sh	0	5
1788621392	mutation-freeze-controls.sh	0	194
1788621394	coldboot-chain-controls.sh	0	2
1788621409	departure-survivability-controls.sh	0	15
1788621409	commit-suite-gate-controls.sh	0	0
1788621413	staged-controls-gate-controls.sh	0	4
1788621413	warn-ledger-controls.sh	0	0
1788621443	copied-tree-controls.sh	0	30
1788621445	account-nonblocking-controls.sh	0	2
1788621448	prewarm-controls.sh	0	3
1788621529	run-controls-controls.sh	0	81
1788621529	port-coverage-controls.sh	0	0
1788621530	deploy-to-edith-controls.sh	0	1
1788621540	deploy-to-edith-behavior-controls.sh	0	10
1788621540	rsync-exclude-controls.sh	0	0
1788621556	ui-fixture-absence-control.sh	0	16
1788621562	ui-fixture-behavior-control.sh	0	6
1788621562	verify-log-controls.sh	0	0
1788621562	sim-log-summary-control.sh	0	0
1788621616	long-conversation-diag-control.sh	0	54
1788621922	conversation-ui-control.sh	0	306
1788622316	list-return-refresh-control.sh	0	394
1788622439	inflight-sentence-control.sh	0	123
1788623438	signout-notice-control.sh	0	999
1788623439	bar-material-control.sh	0	1
1788623440	live-send-check-control.sh	0	1
1788623440	live-interrupt-check-control.sh	0	0
1788623440	live-poll-check-control.sh	0	0
1788623440	live-search-check-control.sh	0	0
1788623440	live-cold-routes-controls.sh	0	0
1788623441	live-write-routes-controls.sh	0	1
1788623476	preflight-ledgers-controls.sh	0	35
1788623542	disposable-reap-controls.sh	0	66
1788623570	ota-server-controls.sh	0	28
1788624105	account-ui-control.sh	0	535
1788624114	mutation-deferral-control.sh	0	9
1788624115	build-device-pick-control.sh	0	1
1788624155	dod-sprint-3-controls.sh	0	40
1788624227	dod-sprint-4-controls.sh	0	72
1788624230	doc-linerefs-gate-controls.sh	0	3
1788624232	pre-commit-gates-controls.sh	0	2
1788624232	install-hooks-controls.sh	0	0
1788624232	cited-testnames-gate-controls.sh	0	0
1788624233	vacuous-gate-controls.sh	0	1
1788624233	vacuous-scan-controls.sh	0	0
1788624233	port-coverage-gate-controls.sh	0	0
1788624234	test-discovery-controls.sh	0	1
1788624234	controls-registration-gate-controls.sh	0	0
1788624235	phone-window-judgment-controls.sh	0	1
1788624235	poll-spend-controls.sh	0	0
1788624236	restart-epoch-controls.sh	0	1
1788624237	verify-state-judgment-controls.sh	0	1
1788624237	live-interrupt-wording-controls.sh	0	0
1788624237	live-shell-key-controls.sh	0	0
1788624237	dod-sprint-6-recovery-controls.sh	0	0
1788624496	dod-sprint-6-controls.sh	0	259
1788624505	dod-sprint-6.5-controls.sh	2	9
1788624505	build-fingerprint-controls.sh	0	0
1788624509	fixture-label-parity-controls.sh	0	4
1788624511	timeout-agreement-controls.sh	0	2
1788624517	wire-key-agreement-controls.sh	0	6
1788624520	wire-vocabulary-agreement-controls.sh	0	2
1788624522	fleet-account-cswap-controls.sh	0	2
1788624535	tunnel-observer-controls.sh	0	13
1788624539	phone-window-health-controls.sh	0	4
1788624540	phone-window-notify-controls.sh	0	1
1788624540	deploy-to-friday-controls.sh	0	0
1788624544	mutation-worktree-gate-controls.sh	0	4
1788624917	update-notice-ui-control.sh	0	373
1788624983	conversation-landing-stress-control.sh	0	66
1788625034	mutation-residue-controls.sh	0	51
1788625053	xcode-tree-lock-controls.sh	1	19
1788625055	push-readiness-controls.sh	0	1
1788625055	app-usage-census-controls.sh	0	0
1788625056	run-controls-coverage-controls.sh	0	1
1788625057	digest-notify-dry-controls.sh	0	1
1788625059	digest-notify-completion-log-controls.sh	0	2
1788625075	run-controls-ledger-controls.sh	0	16
1788625075	deploy-observer-carried-controls.sh	0	0
1788625076	ota-undelivered-observer-control.sh	1	1
1788625076	build-header-stamp-control.sh	0	0
1788625079	delivery-check-controls.sh	0	3
1788625079	log-line-era-controls.sh	0	0
1788625080	ota-freshness-controls.sh	0	1
1788625081	log-cap-live-appender-controls.sh	0	1
1788625084	parity-observer-control.sh	0	3
1788625087	client-role-controls.sh	0	3
1788625088	app-update-notice-controls.sh	0	1
1788625088	ota-delivery-census-controls.sh	0	0
1788625114	observer-cap-ota-controls.sh	0	25
1788625115	fleet-plist-parity-controls.sh	0	1
1788625129	log-cap-controls.sh	0	14
1788625223	env-death-controls.sh	0	94
1788625231	phone-window-controls.sh	0	8
1788625241	rsync-exclude-edith-controls.sh	2	10
1788661374	design-supersede-world-controls.sh	0	1
1788661375	wire-shape-capture-controls.sh	0	1
1788661386	mutation-run-live-controls.sh	0	11
1788661387	mutation-target-controls.sh	0	1
1788661389	orphan-instrument-scan-controls.sh	0	2
1788661398	pii-controls.sh	0	9
1788661400	prove-control-controls.sh	0	1
1788661401	prove-all-scope-controls.sh	0	1
1788661402	verify-script-controls.sh	0	1
1788661403	deploy-dirt-controls.sh	0	1
1788661403	session-guard-controls.sh	0	0
1788661404	wire-shape-controls.sh	0	1
1788661406	no-linerefs-controls.sh	0	2
1788661407	disposable-session-controls.sh	0	1
1788661438	child-reaping-controls.sh	0	31
1788661453	health-observer-controls.sh	0	15
1788661454	example-artifacts-controls.sh	0	1
1788661462	gui-run-controls.sh	2	8
1788661463	fork-check-controls.sh	0	1
1788661464	resume-cwd-controls.sh	0	1
1788661466	interrupt-honesty-control.sh	0	2
1788661466	limit-lifted-controls.sh	0	0
1788661467	post-gate-batch-controls.sh	0	1
1788661471	rc-backend-launch-check.sh	0	4
1788661471	serve-decision-check.sh	0	0
1788661471	funnel-exposure-check-control.sh	0	0
1788661473	tunnel-observer-control.sh	0	2
1788661475	digest-notify-control.sh	0	2
1788661510	rollback-friday-control.sh	0	35
1788661511	exposure-standing-control.sh	0	1
1788661511	desktop-attach-control.sh	0	0
1788661512	mixed-index-control.sh	0	1
1788661526	live-poll-check.sh	0	14
1788661612	initial-load-narration-control.sh	0	86
1788661621	sim-device-control.sh	0	9
1788661642	remote-mini-root-controls.sh	0	21
1788661889	mutation-verdict-controls.sh	0	247
1788661895	mutation-timeout-controls.sh	0	6
1788662106	mutation-freeze-controls.sh	0	211
1788662108	coldboot-chain-controls.sh	0	2
1788662129	departure-survivability-controls.sh	0	21
1788662129	commit-suite-gate-controls.sh	0	0
1788662135	staged-controls-gate-controls.sh	0	6
1788662135	warn-ledger-controls.sh	0	0
1788662166	copied-tree-controls.sh	0	31
1788662167	account-nonblocking-controls.sh	0	1
1788662171	prewarm-controls.sh	0	4
1788662263	run-controls-controls.sh	0	92
1788662264	port-coverage-controls.sh	0	1
1788662264	deploy-to-edith-controls.sh	0	0
1788662275	deploy-to-edith-behavior-controls.sh	0	11
1788662275	rsync-exclude-controls.sh	0	0
1788662293	ui-fixture-absence-control.sh	0	18
1788662299	ui-fixture-behavior-control.sh	0	6
1788662300	verify-log-controls.sh	0	1
1788662300	sim-log-summary-control.sh	0	0
1788662352	long-conversation-diag-control.sh	0	52
1788662650	conversation-ui-control.sh	0	298
1788663033	list-return-refresh-control.sh	0	383
1788663146	inflight-sentence-control.sh	0	113
1788664142	signout-notice-control.sh	0	996
1788664144	bar-material-control.sh	0	2
1788664144	live-send-check-control.sh	0	0
1788664144	live-interrupt-check-control.sh	0	0
1788664144	live-poll-check-control.sh	0	0
1788664144	live-search-check-control.sh	0	0
1788664144	live-cold-routes-controls.sh	0	0
1788664145	live-write-routes-controls.sh	0	1
1788664145	live-composer-guard-controls.sh	0	0
1788664179	preflight-ledgers-controls.sh	0	34
1788664244	disposable-reap-controls.sh	0	65
1788664272	ota-server-controls.sh	0	28
1788664812	account-ui-control.sh	0	540
1788664820	mutation-deferral-control.sh	0	8
1788664821	build-device-pick-control.sh	0	0
1788664861	dod-sprint-3-controls.sh	0	40
1788664942	dod-sprint-4-controls.sh	0	81
1788664947	doc-linerefs-gate-controls.sh	0	5
1788664948	pre-commit-gates-controls.sh	0	1
1788664949	install-hooks-controls.sh	0	1
1788664950	cited-testnames-gate-controls.sh	0	1
1788664950	vacuous-gate-controls.sh	0	0
1788664950	vacuous-scan-controls.sh	0	0
1788664951	port-coverage-gate-controls.sh	0	1
1788664951	test-discovery-controls.sh	0	0
1788664952	controls-registration-gate-controls.sh	0	1
1788664953	phone-window-judgment-controls.sh	0	1
1788664953	poll-spend-controls.sh	0	0
1788664954	restart-epoch-controls.sh	0	1
1788664954	verify-state-judgment-controls.sh	0	0
1788664954	live-interrupt-wording-controls.sh	0	0
1788664954	live-shell-key-controls.sh	0	0
1788664955	dod-sprint-6-recovery-controls.sh	0	1
1788665225	dod-sprint-6-controls.sh	0	270
1788665235	dod-sprint-6.5-controls.sh	2	10
1788665235	build-fingerprint-controls.sh	0	0
1788665239	fixture-label-parity-controls.sh	0	4
1788665242	timeout-agreement-controls.sh	0	3
1788665250	wire-key-agreement-controls.sh	0	8
1788665254	wire-vocabulary-agreement-controls.sh	0	4
1788665255	fleet-account-cswap-controls.sh	0	1
1788665267	tunnel-observer-controls.sh	0	12
1788665270	phone-window-health-controls.sh	0	3
1788665273	phone-window-notify-controls.sh	0	3
1788665273	deploy-to-friday-controls.sh	0	0
1788665278	mutation-worktree-gate-controls.sh	0	5
1788665650	update-notice-ui-control.sh	0	372
1788665708	conversation-landing-stress-control.sh	0	58
1788665750	mutation-residue-controls.sh	0	42
1788665768	xcode-tree-lock-controls.sh	0	18
1788665769	push-readiness-controls.sh	0	1
1788665770	app-usage-census-controls.sh	0	1
1788665771	run-controls-coverage-controls.sh	0	1
1788665772	digest-notify-dry-controls.sh	0	1
1788665774	digest-notify-completion-log-controls.sh	0	2
1788665789	run-controls-ledger-controls.sh	0	15
1788665789	deploy-observer-carried-controls.sh	0	0
1788665790	ota-undelivered-observer-control.sh	0	1
1788665790	build-header-stamp-control.sh	0	0
1788665793	delivery-check-controls.sh	0	3
1788665793	log-line-era-controls.sh	0	0
1788665794	ota-freshness-controls.sh	0	1
1788665794	log-cap-live-appender-controls.sh	0	0
1788665798	parity-observer-control.sh	0	4
1788665801	client-role-controls.sh	0	3
1788665801	app-update-notice-controls.sh	0	0
1788665802	ota-delivery-census-controls.sh	0	1
1788665820	observer-cap-ota-controls.sh	0	18
1788665821	fleet-plist-parity-controls.sh	0	1
1788665835	log-cap-controls.sh	0	14
1788665927	env-death-controls.sh	0	92
1788665934	phone-window-controls.sh	0	7
1788665945	rsync-exclude-edith-controls.sh	2	11
